{"lambda": 0.5, "execution time": [[0.008000612258911133, 0.0, 0.0], [0.0, 0.0, 0.0], [0.0, 0.0, 0.0], [0.002001523971557617, 0.0, 0.0], [0.0009970664978027344, 0.0, 0.001001119613647461], [0.0009999275207519531, 0.0, 0.0], [0.0009975433349609375, 0.0030028820037841797, 0.0010225772857666016], [0.001999378204345703, 0.0010027885437011719, 0.00099945068359375], [0.0, 0.01614212989807129, 0.00019025802612304688], [0.0, 0.0, 0.0], [0.002002239227294922, 0.0039980411529541016, 0.0030028820037841797], [0.004000425338745117, 0.004990100860595703, 0.004217863082885742], [0.006971836090087891, 0.018998146057128906, 0.010370492935180664], [0.019864797592163086, 0.008998632431030273, 0.007998466491699219], [0.008139371871948242, 0.0, 0.01666998863220215], [0.0, 0.01655101776123047, 0.0], [0.010001659393310547, 0.004296779632568359, 0.016765594482421875], [0.008002519607543945, 0.012146949768066406, 0.0], [0.023681163787841797, 0.0136871337890625, 0.013668060302734375], [0.013000249862670898, 0.007500648498535156, 0.0], [0.03211355209350586, 0.0011019706726074219, 0.01652812957763672], [0.015000104904174805, 0.021039962768554688, 0.033959388732910156], [0.02700042724609375, 0.025999784469604492, 0.006108522415161133], [0.03275704383850098, 0.016944408416748047, 0.03602766990661621], [0.016047954559326172, 0.05330610275268555, 0.039652109146118164], [0.057564496994018555, 0.049950599670410156, 0.08336901664733887], [0.06663227081298828, 0.08335566520690918, 0.10024690628051758], [0.06655693054199219, 0.06683349609375, 0.08319807052612305], [0.10010290145874023, 0.06631779670715332, 0.08357787132263184]], "difference": [[0.0, 8.149055127414082, 14.392509622081494], [0.0, 35.39313448272354, 59.99999999999978], [0.0, 80.96323975280151, 137.01313911608332], [0.0, 145.13062813437705, 245.06956739466153], [0.0, 228.4874539299605, 384.38739685893523], [0.0, 330.6233597384364, 555.0000001180141], [0.0, 451.1804144780967, 756.9770304105638], [0.0, 590.4028968996581, 990.1296593523052], [0.0, 748.3893673888251, 1254.4783959543836], [0.0, 925.2166993437934, 1550.0683790566197], [0.0, 1121.2043670915261, 1876.9132574617317], [0.0, 1335.7487738112877, 2235.0156776712047], [0.0, 1568.9242375126873, 2624.3750810668826], [0.0, 1820.787153303613, 3045.0000568912224], [0.0, 2091.3775740555416, 3496.8764978986414], [0.0, 2380.7021456319467, 3980.0576724497273], [0.0, 2688.773364637112, 4494.463465089447], [0.0, 3015.597389834588, 5040.104261065762], [0.0, 3361.177051771032, 5616.986358358324], [0.0, 3725.513519521599, 6225.113571260518], [0.0, 4108.607014442818, 6864.488201662633], [0.0, 4510.4573085840075, 7535.111636113006], [0.0, 4931.0639974530095, 8236.984697038395], [0.0, 5370.426644162948, 8970.10785768718], [0.0, 5828.544851188882, 9734.481371872344], [0.0, 6305.418291839323, 10530.1053515077], [0.0, 6801.046719537918, 11356.979817618188], [0.0, 7315.429964867721, 12215.104708256806], [0.0, 7848.567925689387, 13104.4799039091]]}