{"lambda": 0.5, "execution time": [[0.0, 0.0, 0.0], [0.0, 0.0009448528289794922, 0.00301361083984375], [0.0, 0.0009417533874511719, 0.0], [0.000986337661743164, 0.0, 0.0], [0.0010008811950683594, 0.0, 0.0010411739349365234], [0.0, 0.0009999275207519531, 0.0010082721710205078], [0.0016410350799560547, 0.002012491226196289, 0.0009915828704833984], [0.002003192901611328, 0.002001523971557617, 0.0009989738464355469], [0.003034353256225586, 0.004965543746948242, 0.0020041465759277344], [0.001990079879760742, 0.0022509098052978516, 0.002035379409790039], [0.003232717514038086, 0.0029973983764648438, 0.00424957275390625], [0.0039997100830078125, 0.003679513931274414, 0.004819631576538086], [0.012114524841308594, 0.011795759201049805, 0.024256467819213867], [0.39690566062927246, 0.06417322158813477, 0.02136969566345215], [0.1901235580444336, 0.2783324718475342, 0.1512153148651123], [0.0824439525604248, 0.07233572006225586, 0.1694486141204834], [0.18699264526367188, 0.21265339851379395, 0.3339395523071289], [0.024203062057495117, 0.020321130752563477, 0.018866777420043945], [0.02700185775756836, 0.03399968147277832, 0.04804682731628418], [0.13953351974487305, 0.015796661376953125, 0.02979111671447754], [0.04010128974914551, 0.03489184379577637, 0.05727553367614746], [0.0486605167388916, 0.0953209400177002, 0.13829660415649414], [0.12731432914733887, 0.1163175106048584, 0.12544846534729004], [0.04334115982055664, 0.04920220375061035, 0.053089141845703125], [0.062062740325927734, 0.20114564895629883, 0.4848136901855469], [1.390284538269043, 0.24782538414001465, 1.4099156856536865], [0.15862035751342773, 0.15227532386779785, 0.14094924926757812], [0.37384653091430664, 0.25009727478027344, 0.1649930477142334], [0.14948320388793945, 0.15343189239501953, 0.15469145774841309]], "difference": [[0.0, 8.149055127414082, 14.392509622081494], [0.0, 35.39313448272354, 59.99999999999978], [0.0, 80.96323975280151, 137.01313911608332], [0.0, 145.13062813437705, 245.06956739466153], [0.0, 228.4874539299605, 384.38739685893523], [0.0, 330.6233597384364, 555.0000001180141], [0.0, 451.1804144780967, 756.9770304105638], [0.0, 590.4028968996581, 990.1296593523052], [0.0, 748.3893673888251, 1254.4783959543836], [0.0, 925.2166993437934, 1550.0683790566197], [0.0, 1121.2043670915261, 1876.9132574617317], [0.0, 1335.7487738112877, 2235.0156776712047], [0.0, 1568.9242375126873, 2624.3750810668826], [0.0, 1820.787153303613, 3045.0000568912224], [0.0, 2091.3775740555416, 3496.8764978986414], [0.0, 2380.7021456319467, 3980.0576724497273], [0.0, 2688.773364637112, 4494.463465089447], [0.0, 3015.597389834588, 5040.104261065762], [0.0, 3361.177051771032, 5616.986358358324], [0.0, 3725.513519521599, 6225.113571260518], [0.0, 4108.607014442818, 6864.488201662633], [0.0, 4510.4573085840075, 7535.111636113006], [0.0, 4931.0639974530095, 8236.984697038395], [0.0, 5370.426644162948, 8970.10785768718], [0.0, 5828.544851188882, 9734.481371872344], [0.0, 6305.418291839323, 10530.1053515077], [0.0, 6801.046719537918, 11356.979817618188], [0.0, 7315.429964867721, 12215.104708256806], [0.0, 7848.567925689387, 13104.4799039091]]}