{"lambda": 0.5, "execution time": [[0.0, 0.0010783672332763672, 0.002931356430053711, 0.002990245819091797, 0.0], [0.0, 0.0351712703704834, 0.008000373840332031, 0.005002498626708984, 0.0009953975677490234], [0.0, 0.16190075874328613, 0.038210391998291016, 0.007001161575317383, 0.0010061264038085938], [0.0, 0.5132865905761719, 0.09669828414916992, 0.0070002079010009766, 0.003000497817993164], [0.0, 1.7940475940704346, 0.14881348609924316, 0.009998083114624023, 0.003998994827270508], [0.0020012855529785156, 3.2483747005462646, 0.19439172744750977, 0.015174627304077148, 0.007348299026489258], [0.001998424530029297, 5.363029718399048, 0.27348852157592773, 0.026001453399658203, 0.014000415802001953], [0.0050313472747802734, 62.790735960006714, 0.9297385215759277, 0.030486583709716797, 0.017397165298461914], [0.007999181747436523, 68.914710521698, 1.1716251373291016, 0.048857688903808594, 0.013000965118408203], [0.007019996643066406, 111.612788438797, 3.503208637237549, 0.04800057411193848, 0.018000125885009766], [0.008947134017944336, 142.6191177368164, 1.731794834136963, 0.04524540901184082, 0.01816868782043457], [0.014937877655029297, 140.8349208831787, 1.5913543701171875, 0.05250716209411621, 0.02333664894104004], [0.019134998321533203, 146.3155162334442, 2.0582189559936523, 0.07841873168945312, 0.06683135032653809], [0.11279463768005371, 215.03805351257324, 3.0710246562957764, 0.29796791076660156, 0.02699756622314453], [0.04900026321411133, 284.06855750083923, 2.9437053203582764, 0.2555990219116211, 0.029996395111083984]], "difference": [[0.0, 0.0, 0.49999999994179234, 0.0, 0.0], [0.0, 24.222357415705417, 2.7000623958883807e-13, 2.1604940059205546e-13, 2.0872192862952943e-13], [0.0, 128.2715281511289, 4.60786964140425e-12, 2.872724280678085e-11, 4.6030956823983615e-12], [0.0, 47.423617921063546, 1.3494760864318778e-11, 2.949713120425912e-07, 1.2368661650441481e-11], [0.0, 60.59077204560788, 1.850546795800767e-07, 0.00010171985474261014, 2.1923463044970504e-11], [0.0, 1048.5553549520973, 0.06471458965336851, 0.0006026279268199763, 5.878597608699465e-11], [0.0, 1469.7059969731404, 4.497811572691871, 0.15940450868869227, 1.3976209078947477e-10], [0.0, 453.5912491415847, 56.81368930072894, 3.3249991030793775, 2.735479620596948e-10], [0.0, 555.6884983653015, 202.15959945678048, 18.926300912332028, 2.6019320031878124e-10], [0.0, 721.2694362972495, 423.00341180537345, 168.40774123437814, 3.880268328870784e-10], [0.0, 2446.8641999722076, 1074.7994432245316, 1064.783930408925, 4.5760895073243546e-10], [0.0, 5744.10369276877, 1929.9213896241827, 5356.555814106208, 7.617829700379275e-10], [0.0, 26247.24677116968, 3108.9756096655574, 20191.348750147776, 9.634515407697108e-10], [0.0, 50249.12956356355, 4071.4450071168403, 53540.12156837129, 1.2750779321279992e-09], [0.0, 91770.43595133373, 7867.37416770246, 110799.73575097857, 1.9608680235094766e-09]]}