{"lambda": 0.5, "execution time": [[0.0009980201721191406, 0.0, 0.0], [0.0019996166229248047, 0.0, 0.0009970664978027344], [0.0, 0.0, 0.0], [0.0009963512420654297, 0.0, 0.0010387897491455078], [0.0020051002502441406, 0.00013065338134765625, 0.0], [0.0, 0.0, 0.0], [0.007001399993896484, 0.0019989013671875, 0.0019979476928710938], [0.0, 0.0, 0.0], [0.001003265380859375, 0.002001047134399414, 0.001999378204345703], [0.001999378204345703, 0.0060024261474609375, 0.0019996166229248047], [0.0, 0.0, 0.0], [0.002998828887939453, 0.0030050277709960938, 0.0039958953857421875], [0.0, 0.0, 0.0159299373626709], [0.016399860382080078, 0.0, 0.016645431518554688], [0.01629948616027832, 0.0, 0.016765832901000977], [0.016777753829956055, 0.0, 0.016587257385253906], [0.0, 0.016482830047607422, 0.0], [0.013636350631713867, 0.0006744861602783203, 0.015389442443847656], [0.012005329132080078, 0.011040449142456055, 0.026999235153198242], [0.019068002700805664, 0.013948202133178711, 0.013985633850097656], [0.01800084114074707, 0.013002395629882812, 0.014997720718383789], [0.006154060363769531, 0.016231298446655273, 0.016768693923950195], [0.047275543212890625, 0.021619081497192383, 0.03437972068786621], [0.03701138496398926, 0.018932342529296875, 0.033025264739990234], [0.15102767944335938, 0.5327768325805664, 0.1815180778503418], [0.10324335098266602, 0.1078956127166748, 0.1002357006072998], [0.09704828262329102, 0.1433274745941162, 0.1601428985595703], [0.06655263900756836, 0.10026097297668457, 0.06624388694763184], [0.08318924903869629, 0.10011482238769531, 0.08303666114807129]], "difference": [[0.0, 8.149055127414082, 14.392509622081494], [0.0, 35.39313448272354, 59.99999999999978], [0.0, 80.96323975280151, 137.01313911608332], [0.0, 145.13062813437705, 245.06956739466153], [0.0, 228.4874539299605, 384.38739685893523], [0.0, 330.6233597384364, 555.0000001180141], [0.0, 451.1804144780967, 756.9770304105638], [0.0, 590.4028968996581, 990.1296593523052], [0.0, 748.3893673888251, 1254.4783959543836], [0.0, 925.2166993437934, 1550.0683790566197], [0.0, 1121.2043670915261, 1876.9132574617317], [0.0, 1335.7487738112877, 2235.0156776712047], [0.0, 1568.9242375126873, 2624.3750810668826], [0.0, 1820.787153303613, 3045.0000568912224], [0.0, 2091.3775740555416, 3496.8764978986414], [0.0, 2380.7021456319467, 3980.0576724497273], [0.0, 2688.773364637112, 4494.463465089447], [0.0, 3015.597389834588, 5040.104261065762], [0.0, 3361.177051771032, 5616.986358358324], [0.0, 3725.513519521599, 6225.113571260518], [0.0, 4108.607014442818, 6864.488201662633], [0.0, 4510.4573085840075, 7535.111636113006], [0.0, 4931.0639974530095, 8236.984697038395], [0.0, 5370.426644162948, 8970.10785768718], [0.0, 5828.544851188882, 9734.481371872344], [0.0, 6305.418291839323, 10530.1053515077], [0.0, 6801.046719537918, 11356.979817618188], [0.0, 7315.429964867721, 12215.104708256806], [0.0, 7848.567925689387, 13104.4799039091]]}