{"lambda": 0.5, "execution time": [[0.0, 0.0, 0.0], [0.0019996166229248047, 0.0018374919891357422, 0.0], [0.0, 0.0, 0.0], [0.0, 0.0, 0.0], [0.0008745193481445312, 0.0, 0.0], [0.0, 0.0, 0.011872053146362305], [0.001001119613647461, 0.002028226852416992, 0.0007677078247070312], [0.0020008087158203125, 0.000997781753540039, 0.001001119613647461], [0.0, 0.0, 0.01647782325744629], [0.016582012176513672, 0.0, 0.0], [0.0, 0.01679396629333496, 0.0], [0.0, 0.0169832706451416, 0.004692792892456055], [0.0, 0.016607046127319336, 0.0], [0.031210899353027344, 0.013609170913696289, 0.006926536560058594], [0.0, 0.016597270965576172, 0.0], [0.0, 0.01656651496887207, 0.0], [0.016718387603759766, 0.0, 0.01643228530883789], [0.00799870491027832, 0.009142637252807617, 0.0], [0.007993459701538086, 0.017000913619995117, 0.008169889450073242], [0.0, 0.01626420021057129, 0.016701698303222656], [0.016571760177612305, 0.01675248146057129, 0.01663517951965332], [0.016756534576416016, 0.022544145584106445, 0.020634889602661133], [0.016713619232177734, 0.03324484825134277, 0.0332331657409668], [0.020656585693359375, 0.03340601921081543, 0.04970145225524902], [0.04996299743652344, 0.03494572639465332, 0.03231358528137207], [0.04987311363220215, 0.08364486694335938, 0.05018877983093262], [0.04977226257324219, 0.08710241317749023, 0.06310510635375977], [0.08309555053710938, 0.06662225723266602, 0.09516716003417969], [0.06649470329284668, 0.10035204887390137, 0.06686282157897949]], "difference": [[0.0, 8.149055127414082, 14.392509622081494], [0.0, 35.39313448272354, 59.99999999999978], [0.0, 80.96323975280151, 137.01313911608332], [0.0, 145.13062813437705, 245.06956739466153], [0.0, 228.4874539299605, 384.38739685893523], [0.0, 330.6233597384364, 555.0000001180141], [0.0, 451.1804144780967, 756.9770304105638], [0.0, 590.4028968996581, 990.1296593523052], [0.0, 748.3893673888251, 1254.4783959543836], [0.0, 925.2166993437934, 1550.0683790566197], [0.0, 1121.2043670915261, 1876.9132574617317], [0.0, 1335.7487738112877, 2235.0156776712047], [0.0, 1568.9242375126873, 2624.3750810668826], [0.0, 1820.787153303613, 3045.0000568912224], [0.0, 2091.3775740555416, 3496.8764978986414], [0.0, 2380.7021456319467, 3980.0576724497273], [0.0, 2688.773364637112, 4494.463465089447], [0.0, 3015.597389834588, 5040.104261065762], [0.0, 3361.177051771032, 5616.986358358324], [0.0, 3725.513519521599, 6225.113571260518], [0.0, 4108.607014442818, 6864.488201662633], [0.0, 4510.4573085840075, 7535.111636113006], [0.0, 4931.0639974530095, 8236.984697038395], [0.0, 5370.426644162948, 8970.10785768718], [0.0, 5828.544851188882, 9734.481371872344], [0.0, 6305.418291839323, 10530.1053515077], [0.0, 6801.046719537918, 11356.979817618188], [0.0, 7315.429964867721, 12215.104708256806], [0.0, 7848.567925689387, 13104.4799039091]]}