{"lambda": 0.5, "execution time": [[0.0, 0.0, 0.0], [0.0, 0.0, 0.0], [0.0, 0.0, 0.0], [0.0, 0.0, 0.0], [0.0, 0.0, 0.0], [0.0, 0.0, 0.0], [0.0, 0.0, 0.0], [0.001043081283569336, 0.0, 0.0], [0.0005118846893310547, 0.0, 0.0], [0.0, 0.0, 0.0], [0.0, 0.0, 0.0], [0.0, 0.0, 0.0009992122650146484], [0.0, 0.0, 0.0], [0.0010008811950683594, 0.0, 0.0009989738464355469], [0.0, 0.0, 0.0], [0.0, 0.012506961822509766, 0.0009837150573730469], [0.000997781753540039, 0.0009980201721191406, 0.0009992122650146484], [0.0010027885437011719, 0.0010004043579101562, 0.0009987354278564453], [0.001001596450805664, 0.0019986629486083984, 0.0010006427764892578], [0.0020051002502441406, 0.0009987354278564453, 0.0009980201721191406], [0.0, 0.0, 0.0], [0.0, 0.0, 0.0], [0.0, 0.0, 0.0], [0.0, 0.0, 0.016434192657470703], [0.0, 0.01694321632385254, 0.0], [0.0020003318786621094, 0.0020003318786621094, 0.003012418746948242], [0.0, 0.016549348831176758, 0.0], [0.0, 0.0, 0.0], [0.0049991607666015625, 0.007997989654541016, 0.004006385803222656], [0.0, 0.01673436164855957, 0.0], [0.0, 0.0, 0.016336679458618164], [0.0, 0.0, 0.01690983772277832], [0.0, 0.0, 0.026873111724853516], [0.016675710678100586, 0.0, 0.016609907150268555], [0.0028901100158691406, 0.0, 0.016466617584228516], [0.016750097274780273, 0.0, 0.01685500144958496], [0.01667618751525879, 0.0, 0.0], [0.0170133113861084, 0.0, 0.0], [0.0, 0.016718626022338867, 0.016891956329345703], [0.016645431518554688, 0.0, 0.01672959327697754], [0.0009427070617675781, 0.01659703254699707, 0.0], [0.0005137920379638672, 0.016263723373413086, 0.0], [0.0, 0.01674795150756836, 0.0], [0.033211708068847656, 0.011935949325561523, 0.005337953567504883], [0.015001296997070312, 0.012000799179077148, 0.007000923156738281], [0.0069997310638427734, 0.014007806777954102, 0.00999307632446289], [0.016663312911987305, 0.0, 0.016588687896728516], [0.049785614013671875, 0.017304182052612305, 0.02294135093688965], [0.023692607879638672, 0.008515357971191406, 0.01606917381286621], [0.016713857650756836, 0.016598939895629883, 0.016579627990722656], [0.01680731773376465, 0.016496896743774414, 0.0], [0.01690673828125, 0.016623258590698242, 0.016615867614746094], [0.012316703796386719, 0.01676774024963379, 0.01635146141052246], [0.016677379608154297, 0.016689777374267578, 0.016640901565551758], [0.02263355255126953, 0.02017831802368164, 0.01699662208557129], [0.016453981399536133, 0.01678156852722168, 0.016810178756713867], [0.016376495361328125, 0.016675233840942383, 0.033453941345214844], [0.033033132553100586, 0.016505718231201172, 0.03331184387207031], [0.016706228256225586, 0.01665663719177246, 0.03363776206970215], [0.03332877159118652, 0.03336358070373535, 0.03327465057373047], [0.03327822685241699, 0.0333404541015625, 0.03371930122375488], [0.03165030479431152, 0.04965066909790039, 0.05013751983642578], [0.03270840644836426, 0.033362627029418945, 0.03339505195617676], [0.04942035675048828, 0.03346848487854004, 0.03328895568847656], [0.05115318298339844, 0.034008026123046875, 0.049005746841430664], [0.0798947811126709, 0.05359792709350586, 0.06655216217041016], [0.0579991340637207, 0.062001943588256836, 0.06699919700622559], [0.06102752685546875, 0.06653213500976562, 0.06693220138549805], [0.08307623863220215, 0.0664515495300293, 0.08052253723144531], [0.19981837272644043, 0.06681013107299805, 0.07535767555236816], [0.08333063125610352, 0.08336663246154785, 0.06653356552124023], [0.09700298309326172, 0.0859982967376709, 0.0729978084564209], [0.07500052452087402, 0.08799886703491211, 0.08700060844421387], [0.08325624465942383, 0.11222505569458008, 0.07118439674377441], [0.10263323783874512, 0.0809011459350586, 0.08332180976867676]], "difference": [[0.0, 0.125, 0.375], [0.0, 2.830308739764506, 4.986315659753069], [0.0, 8.149055127414082, 14.392509622081494], [0.0, 16.928687063019876, 28.875000000000032], [0.0, 28.389210116432608, 48.50511912993617], [0.0, 42.671134770588345, 72.90428862809786], [0.0, 60.56759485765714, 102.37508404917703], [0.0, 80.96323975280151, 137.01313911608332], [0.0, 104.21609140469323, 176.4268515549043], [0.0, 131.0926050151919, 220.8750000000017], [0.0, 160.5833478129286, 270.50176915932286], [0.0, 192.8103604261665, 324.96580195974315], [0.0, 228.4874539299605, 384.38739685893523], [0.0, 267.2129949288749, 448.89835597174715], [0.0, 308.4717483086014, 518.5051168493727], [0.0, 352.73677677353214, 592.9300151284789], [0.0, 400.73559275918973, 672.3750001507864], [0.0, 451.1804144780967, 756.9770304105638], [0.0, 504.40836495971433, 846.4874993765411], [0.0, 560.9869251933135, 940.9134656266306], [0.0, 620.8101160509698, 1040.3750000000507], [0.0, 683.1585019581876, 1144.9918669824403], [0.0, 748.3893673888251, 1254.4783959543836], [0.0, 817.1449194172602, 1368.9090274182026], [0.0, 888.8471266849949, 1488.375000018147], [0.0, 963.1706809174544, 1612.990071514827], [0.0, 1040.404872719637, 1742.4787010047517], [0.0, 1121.2043670915261, 1876.9132574617317], [0.0, 1204.8816775300697, 2016.3750294360177], [0.0, 1291.2162776077519, 2160.977790460249], [0.0, 1380.4514633738331, 2310.4853919107827], [0.0, 1473.195019967584, 2464.925048867572], [0.0, 1568.9242375126873, 2624.3750810668826], [0.0, 1667.2891925644165, 2788.94661478649], [0.0, 1768.529496527168, 2958.493350521872], [0.0, 1873.104648158242, 3132.943689941712], [0.0, 1980.9524124207574, 3312.388581893835], [0.0, 2091.3775740555416, 3496.8764978986414], [0.0, 2204.638901198589, 3686.4925710786483], [0.0, 2320.8943262093376, 3880.966651330127], [0.0, 2440.930131565632, 4080.410267945251], [0.0, 2563.4629416476228, 4284.87511369377], [0.0, 2688.773364637112, 4494.463465089447], [0.0, 2817.016786259606, 4708.986806288372], [0.0, 2948.7999161968637, 4928.439541556254], [0.0, 3083.526845388928, 5152.888672143835], [0.0, 3220.9133674145555, 5382.375089094014], [0.0, 3361.177051771032, 5616.986358358324], [0.0, 3504.4833379428796, 5856.471003339777], [0.0, 3651.490087774147, 6100.919649132354], [0.0, 3801.034854381212, 6350.3756638722725], [0.0, 3953.35690996551, 6604.929486822192], [0.0, 4108.607014442818, 6864.488201662633], [0.0, 4267.256784987366, 7128.957032773242], [0.0, 4429.076130596913, 7398.406817840789], [0.0, 4593.519467088861, 7672.875177072929], [0.0, 4760.81368999258, 7952.454051397334], [0.0, 4931.0639974530095, 8236.984697038395], [0.0, 5104.912444780449, 8526.447672641176], [0.0, 5281.618277446369, 8820.899589199096], [0.0, 5461.008036061771, 9120.375179997336], [0.0, 5643.291164288125, 9424.962920556767], [0.0, 5828.544851188882, 9734.481371872344], [0.0, 6017.501382566507, 10048.943095284292], [0.0, 6209.146088899794, 10368.39676890478], [0.0, 6403.510994806046, 10692.875188109356], [0.0, 6600.790369149193, 11022.463743465452], [0.0, 6801.046719537918, 11356.979817618188], [0.0, 7005.050496791572, 11696.442850099056], [0.0, 7211.67241909086, 12040.897651884758], [0.0, 7421.031519286588, 12390.375196939442], [0.0, 7633.310475962651, 12744.958724162701], [0.0, 7848.567925689387, 13104.4799039091], [0.0, 8067.570811555737, 13468.946375282072], [0.0, 8289.200815620985, 13838.401921872943]]}