{"lambda": 0.5, "execution time": [[0.0, 0.0, 0.0], [0.0, 0.0, 0.0], [0.0010557174682617188, 0.0, 0.0], [0.0, 0.0, 0.0], [0.0009963512420654297, 0.0, 0.0], [0.0, 0.0, 0.0], [0.0009992122650146484, 0.0, 0.0], [0.0, 0.0, 0.0], [0.0010056495666503906, 0.0, 0.0], [0.0, 0.0, 0.0], [0.0, 0.0, 0.0], [0.0, 0.0, 0.0], [0.0, 0.0, 0.0], [0.0009992122650146484, 0.0010004043579101562, 0.0010006427764892578], [0.0, 0.0, 0.0], [0.0009329319000244141, 0.0, 0.0], [0.0010013580322265625, 0.0009989738464355469, 0.0], [0.0010046958923339844, 0.0010020732879638672, 0.0009992122650146484], [0.0010001659393310547, 0.0010030269622802734, 0.0009996891021728516], [0.0, 0.0, 0.0], [0.0, 0.0, 0.0], [0.0010006427764892578, 0.0020020008087158203, 0.0019960403442382812], [0.0, 0.0, 0.0], [0.002002239227294922, 0.001997232437133789, 0.0019817352294921875], [0.002002716064453125, 0.001996755599975586, 0.0020020008087158203], [0.001999378204345703, 0.003003358840942383, 0.0019960403442382812], [0.0020003318786621094, 0.0030019283294677734, 0.005005598068237305], [0.00299835205078125, 0.0020074844360351562, 0.003032684326171875], [0.00500035285949707, 0.0029985904693603516, 0.002999544143676758], [0.0, 0.0, 0.0], [0.007998466491699219, 0.005013704299926758, 0.003856658935546875], [0.0, 0.0, 0.0], [0.011461257934570312, 0.006000995635986328, 0.009999990463256836], [0.0, 0.01673126220703125, 0.0], [0.016578197479248047, 0.01665949821472168, 0.0], [0.016916990280151367, 0.0, 0.016920804977416992], [0.017002582550048828, 0.005517721176147461, 0.0], [0.00799560546875, 0.0050008296966552734, 0.011016845703125], [0.009608745574951172, 0.005997896194458008, 0.009524822235107422], [0.007993459701538086, 0.012044191360473633, 0.013002395629882812], [0.0070018768310546875, 0.013998270034790039, 0.016002178192138672], [0.010614395141601562, 0.0070002079010009766, 0.00863027572631836], [0.016562700271606445, 0.0, 0.016604185104370117], [0.007993936538696289, 0.004670143127441406, 0.0], [0.0, 0.01640152931213379, 0.016874074935913086], [0.0, 0.01647329330444336, 0.024858474731445312], [0.010002613067626953, 0.016000747680664062, 0.008205890655517578], [0.0, 0.03275418281555176, 0.01665663719177246], [0.016330718994140625, 0.0, 0.01652073860168457], [0.009790897369384766, 0.015996694564819336, 0.01210784912109375], [0.026201486587524414, 0.015001773834228516, 0.008459091186523438], [0.016492843627929688, 0.0, 0.016890764236450195], [0.016631126403808594, 0.016458749771118164, 0.02064824104309082], [0.01600360870361328, 0.025888919830322266, 0.01671433448791504], [0.016549348831176758, 0.03064274787902832, 0.023174047470092773], [0.018924236297607422, 0.015143632888793945, 0.016546964645385742], [0.01415562629699707, 0.03296947479248047, 0.01706218719482422], [0.03389120101928711, 0.04461336135864258, 0.021179676055908203], [0.029001235961914062, 0.06605672836303711, 0.029285430908203125], [0.05031704902648926, 0.028798341751098633, 0.04175543785095215], [0.01674032211303711, 0.033373117446899414, 0.03356766700744629], [0.027172327041625977, 0.03307294845581055, 0.016793489456176758], [0.05002427101135254, 0.02971959114074707, 0.0495145320892334], [0.05048060417175293, 0.049874067306518555, 0.051258087158203125], [0.0489802360534668, 0.049338579177856445, 0.03362774848937988], [0.04885673522949219, 0.0497438907623291, 0.09253597259521484], [0.09882020950317383, 0.06705117225646973, 0.058344125747680664], [0.06674575805664062, 0.0669865608215332, 0.0644683837890625], [0.0714566707611084, 0.0677649974822998, 0.04825639724731445], [0.18078017234802246, 0.09652185440063477, 0.0830082893371582], [0.09969019889831543, 0.13307785987854004, 0.08315920829772949], [0.18828606605529785, 0.09135627746582031, 0.12284517288208008], [0.1585230827331543, 0.15916919708251953, 0.15720152854919434], [0.22955989837646484, 0.1977527141571045, 0.1310875415802002], [0.08049321174621582, 0.08294796943664551, 0.10007929801940918]], "difference": [[0.0, 0.125, 0.375], [0.0, 2.830308739764506, 4.986315659753069], [0.0, 8.149055127414082, 14.392509622081494], [0.0, 16.928687063019876, 28.875000000000032], [0.0, 28.389210116432608, 48.50511912993617], [0.0, 42.671134770588345, 72.90428862809786], [0.0, 60.56759485765714, 102.37508404917703], [0.0, 80.96323975280151, 137.01313911608332], [0.0, 104.21609140469323, 176.4268515549043], [0.0, 131.0926050151919, 220.8750000000017], [0.0, 160.5833478129286, 270.50176915932286], [0.0, 192.8103604261665, 324.96580195974315], [0.0, 228.4874539299605, 384.38739685893523], [0.0, 267.2129949288749, 448.89835597174715], [0.0, 308.4717483086014, 518.5051168493727], [0.0, 352.73677677353214, 592.9300151284789], [0.0, 400.73559275918973, 672.3750001507864], [0.0, 451.1804144780967, 756.9770304105638], [0.0, 504.40836495971433, 846.4874993765411], [0.0, 560.9869251933135, 940.9134656266306], [0.0, 620.8101160509698, 1040.3750000000507], [0.0, 683.1585019581876, 1144.9918669824403], [0.0, 748.3893673888251, 1254.4783959543836], [0.0, 817.1449194172602, 1368.9090274182026], [0.0, 888.8471266849949, 1488.375000018147], [0.0, 963.1706809174544, 1612.990071514827], [0.0, 1040.404872719637, 1742.4787010047517], [0.0, 1121.2043670915261, 1876.9132574617317], [0.0, 1204.8816775300697, 2016.3750294360177], [0.0, 1291.2162776077519, 2160.977790460249], [0.0, 1380.4514633738331, 2310.4853919107827], [0.0, 1473.195019967584, 2464.925048867572], [0.0, 1568.9242375126873, 2624.3750810668826], [0.0, 1667.2891925644165, 2788.94661478649], [0.0, 1768.529496527168, 2958.493350521872], [0.0, 1873.104648158242, 3132.943689941712], [0.0, 1980.9524124207574, 3312.388581893835], [0.0, 2091.3775740555416, 3496.8764978986414], [0.0, 2204.638901198589, 3686.4925710786483], [0.0, 2320.8943262093376, 3880.966651330127], [0.0, 2440.930131565632, 4080.410267945251], [0.0, 2563.4629416476228, 4284.87511369377], [0.0, 2688.773364637112, 4494.463465089447], [0.0, 2817.016786259606, 4708.986806288372], [0.0, 2948.7999161968637, 4928.439541556254], [0.0, 3083.526845388928, 5152.888672143835], [0.0, 3220.9133674145555, 5382.375089094014], [0.0, 3361.177051771032, 5616.986358358324], [0.0, 3504.4833379428796, 5856.471003339777], [0.0, 3651.490087774147, 6100.919649132354], [0.0, 3801.034854381212, 6350.3756638722725], [0.0, 3953.35690996551, 6604.929486822192], [0.0, 4108.607014442818, 6864.488201662633], [0.0, 4267.256784987366, 7128.957032773242], [0.0, 4429.076130596913, 7398.406817840789], [0.0, 4593.519467088861, 7672.875177072929], [0.0, 4760.81368999258, 7952.454051397334], [0.0, 4931.0639974530095, 8236.984697038395], [0.0, 5104.912444780449, 8526.447672641176], [0.0, 5281.618277446369, 8820.899589199096], [0.0, 5461.008036061771, 9120.375179997336], [0.0, 5643.291164288125, 9424.962920556767], [0.0, 5828.544851188882, 9734.481371872344], [0.0, 6017.501382566507, 10048.943095284292], [0.0, 6209.146088899794, 10368.39676890478], [0.0, 6403.510994806046, 10692.875188109356], [0.0, 6600.790369149193, 11022.463743465452], [0.0, 6801.046719537918, 11356.979817618188], [0.0, 7005.050496791572, 11696.442850099056], [0.0, 7211.67241909086, 12040.897651884758], [0.0, 7421.031519286588, 12390.375196939442], [0.0, 7633.310475962651, 12744.958724162701], [0.0, 7848.567925689387, 13104.4799039091], [0.0, 8067.570811555737, 13468.946375282072], [0.0, 8289.200815620985, 13838.401921872943]]}