{"lambda": 0.5, "execution time": [[0.000997304916381836, 0.010594367980957031, 0.01563549041748047, 0.025000572204589844, 0.0, 0.1284632682800293], [0.0009961128234863281, 0.05048179626464844, 0.017041683197021484, 0.015204429626464844, 0.0, 0.0009975433349609375], [0.0012769699096679688, 0.08873581886291504, 0.02138996124267578, 0.00699925422668457, 0.0040209293365478516, 0.0019829273223876953], [0.0009233951568603516, 0.14061737060546875, 0.05754971504211426, 0.0069539546966552734, 0.0019998550415039062, 0.001003265380859375], [0.0, 0.3896470069885254, 0.08894062042236328, 0.007999420166015625, 0.002002239227294922, 0.000997781753540039], [0.0009987354278564453, 0.825688362121582, 0.0993351936340332, 0.011224031448364258, 0.0027785301208496094, 0.001999378204345703], [0.0010101795196533203, 2.104834794998169, 0.10284662246704102, 0.010999441146850586, 0.0050618648529052734, 0.012260913848876953], [0.0009989738464355469, 2.0241012573242188, 0.09794950485229492, 0.013552188873291016, 0.006008625030517578, 0.0029973983764648438], [0.0030393600463867188, 2.32523250579834, 0.12283182144165039, 0.012997150421142578, 0.008086681365966797, 0.003437042236328125], [0.0019969940185546875, 3.2283456325531006, 0.1560049057006836, 0.019002199172973633, 0.013712167739868164, 0.012212276458740234], [0.001993894577026367, 7.299779415130615, 0.17145323753356934, 0.03933000564575195, 0.009357213973999023, 0.005999565124511719], [0.007996797561645508, 8.309521913528442, 0.1486208438873291, 0.020554065704345703, 0.012392520904541016, 0.010320901870727539], [0.007604837417602539, 130.0811846256256, 2.737086296081543, 0.17785334587097168, 0.017541885375976562, 0.00914454460144043], [0.007999181747436523, 123.61029863357544, 2.0162525177001953, 0.10399556159973145, 0.014997720718383789, 0.012997627258300781], [0.023003101348876953, 243.7308566570282, 2.347930908203125, 0.1186671257019043, 0.01945209503173828, 0.011254072189331055], [0.013285160064697266, 209.0847668647766, 22.557347774505615, 0.2220010757446289, 0.02759242057800293, 0.02062702178955078], [0.018260478973388672, 201.07081818580627, 5.329626560211182, 0.3675088882446289, 0.03547787666320801, 0.042313575744628906], [0.02381277084350586, 332.84837222099304, 6.2854650020599365, 0.263261079788208, 0.032918453216552734, 0.018704891204833984], [0.01674938201904297, 165.40269351005554, 3.8346915245056152, 0.1682603359222412, 0.03660988807678223, 0.024858713150024414], [0.02483367919921875, 342.00623059272766, 4.729361534118652, 0.2653985023498535, 0.0488743782043457, 0.024257898330688477], [0.02244853973388672, 413.5685362815857, 5.801632642745972, 0.2676396369934082, 0.035430192947387695, 0.03357720375061035], [0.03120255470275879, 351.1483561992645, 2.3324668407440186, 0.1963660717010498, 0.03277587890625, 0.03353571891784668], [0.025589704513549805, 200.14612793922424, 2.450913190841675, 0.2080402374267578, 0.04361319541931152, 0.030824661254882812], [0.03830385208129883, 213.876713514328, 2.531402111053467, 0.20529627799987793, 0.03809762001037598, 0.04228830337524414], [0.03998446464538574, 243.48430013656616, 3.0135648250579834, 0.22567367553710938, 0.0389409065246582, 0.03875589370727539], [0.05614066123962402, 263.6280994415283, 2.749737501144409, 0.6609623432159424, 0.0487973690032959, 0.058923959732055664], [0.07480573654174805, 189.9591829776764, 3.137981653213501, 0.9673893451690674, 0.06529092788696289, 0.05177903175354004], [0.07561421394348145, 368.33746337890625, 6.2208967208862305, 0.8447177410125732, 0.06368732452392578, 0.06014847755432129], [0.1499311923980713, 406.5409595966339, 4.1055378913879395, 1.0185489654541016, 0.05960512161254883, 0.05685758590698242]], "difference": [[0.0, 1.9886659024762332, 7.327471962526033e-15, 1.176836406102666e-14, 7.438494264988549e-15, 5.483627324442963e-06], [0.0, 18.429173568741476, 2.2315482794965646e-13, 9.999999999999773, 2.5224267119483557e-13, 0.00010219717530435268], [0.0, 55.12720960464356, 4.920508445138694e-13, 6.956657472301231e-13, 7.799316747991725e-13, 0.0005013059462896097], [0.0, 106.68971918428642, 2.2036816815784732e-12, 19.999999999999368, 2.956968003786642e-12, 0.0012362051475547364], [0.0, 29.669436308298724, 6.418421349962955e-12, 3.1537771505441015e-08, 5.987099704896082e-12, 0.0021579143560113145], [0.0, 44.97683792041877, 7.736709656258611e-07, 30.00000000000302, 9.758416297245276e-12, 0.003513409803632128], [0.0, 138.552908413866, 0.004729564253971308, 8.784298312081162e-07, 1.8429591186475136e-11, 0.008144702862155184], [0.0, 59.190577716342226, 0.48645821611151163, 39.99999999998475, 2.8310798150243954e-11, 0.010924972917295994], [0.0, 780.5128730124542, 8.028695848522636, 0.32216095906409803, 3.8129388535423914e-11, 0.010684335953077828], [0.0, 972.7547903858779, 29.643901183040686, 50.00000000000294, 6.633693594437773e-11, 0.020350020328241958], [0.0, 1272.114101816598, 69.91773019769695, 0.005607385200068871, 8.055400790851763e-11, 0.026870609455408534], [0.0, 1441.1434866996808, 153.1798189063132, 60.00000000000151, 1.3783241215037378e-10, 0.031933954900541295], [0.0, 1832.623205536568, 321.4382904299297, 0.19534597395745268, 1.6770995703296876e-10, 0.0594760400097728], [0.0, 430.2932079415281, 389.5363552619122, 70.7936861066571, 2.1643531411541517e-10, 0.06679337462027235], [0.0, 467.2197553939265, 915.1217846332914, 4.113021079001734, 2.5775026557539604e-10, 0.08083697547740876], [0.0, 541.196722576132, 1517.6940271192034, 94.5415280829021, 2.936367815564722e-10, 0.083414786514182], [0.0, 603.7326203622233, 1896.6431877733705, 47.62847913781609, 2.6395619023844574e-10, 0.10366141101915072], [0.0, 696.9880752784721, 2413.6281509527066, 227.18328175090653, 3.584248453591954e-10, 0.14216228707527134], [0.0, 2151.15871936498, 3528.1853843682316, 363.71199412384254, 4.6198422865018074e-10, 0.19551041512927914], [0.0, 2434.5009821854906, 3997.3182161711406, 991.4118360515337, 5.433373750918236e-10, 0.18717029869638246], [0.0, 5101.967665194839, 6580.831419896223, 2099.5272544934937, 5.967490945835152e-10, 0.25863823945116604], [0.0, 4846.047988178844, 7533.180857284272, 4721.915206991823, 7.437725990655508e-10, 0.2710805623110407], [0.0, 17957.282675982515, 8258.022676533305, 9470.140980202083, 1.0397191996247557e-09, 0.31126980485931766], [0.0, 25142.523296717292, 10418.765822716412, 18084.73438141776, 1.0253184967723428e-09, 0.36205489362795296], [0.0, 39637.57945248922, 12651.448432940024, 30783.08742787293, 9.762849417782604e-10, 0.37081559050958623], [0.0, 47449.24914508565, 15961.9324278471, 49116.98082536963, 1.1776262187623843e-09, 0.42322865625323747], [0.0, 64037.02627012809, 18982.554650070313, 73271.28743298064, 1.2240821689601944e-09, 0.41322564274684026], [0.0, 83811.68080307127, 21773.344276088803, 103930.30568535929, 1.353588019448182e-09, 0.5393555636411611], [0.0, 107990.7414379087, 25270.031776624764, 139756.04112117426, 1.649289593785852e-09, 0.6847003289365591]]}